MASCARA|ANO|CODMUNIC|UF|SIGLA|MUNIC|DEP|LOC|CODFUNC|CODCURSO|NOMECUR|ES611|ES612|ES613|ES614
20593734|1996|310904322306|Minas Gerais|MG|DIVINOPOLIS|Particular|Urbana|Ativo|1057|Outros|||121|116
20593740|1996|310904322306|Minas Gerais|MG|DIVINOPOLIS|Particular|Urbana|Ativo|1057|Outros|194|183|81|70
20923137|1996|230301604400|Ceara|CE|FORTALEZA|Particular|Urbana|Ativo|1057|Outros|70|62||
20712894|1996|230201302107|Ceara|CE|BATURITE|Estadual|Urbana|Ativo|1057|Outros|326|||
20808718|1996|230301604400|Ceara|CE|FORTALEZA|Particular|Urbana|Ativo|1057|Outros|176|96||
21708823|1996|310904322306|Minas Gerais|MG|DIVINOPOLIS|Particular|Urbana|Ativo|1057|Outros|26|18|29|19
21289168|1996|260501711606|Pernambuco|PE|RECIFE|Particular|Urbana|Ativo|1057|Outros|846|706|2549|1639
20708734|1996|250301201609|Paraiba|PB|BARRA DE SANTA ROSA|Estadual|Urbana|Ativo|1057|Outros|44||44|
21552982|1996|230301604400|Ceara|CE|FORTALEZA|Estadual|Urbana|Ativo|1057|Outros|900|625||
20099030|1996|140100100100|Roraima|RR|BOA VISTA|Particular|Urbana|Ativo|1057|Outros|312|255||
21708827|1996|310904333808|Minas Gerais|MG|ITAUNA|Particular|Urbana|Ativo|1057|Outros|60|14|60|14
21709384|1996|311005151800|Minas Gerais|MG|POCOS DE CALDAS|Particular|Urbana|Ativo|1057|Outros|23|23||
20574304|1996|250100712309|Paraiba|PB|PRINCESA ISABEL|Municipal|Urbana|Ativo|1057|Outros|25|19|25|19
21289181|1996|260501711606|Pernambuco|PE|RECIFE|Particular|Urbana|Ativo|1057|Outros|105|98|103|102
20046730|1996|170100202109|Tocantins|TO|ARAGUAINA|Particular|Urbana|Ativo|1057|Outros|397|356|387|349
20045359|1996|530100100108|Distrito Federal|DF|BRASILIA|Particular|Urbana|Ativo|1057|Outros|||4650|4258
20045301|1996|530100100108|Distrito Federal|DF|BRASILIA|Particular|Urbana|Ativo|1057|Outros|442|102|123|31
20171940|1996|530100100108|Distrito Federal|DF|BRASILIA|Estadual|Urbana|Ativo|1057|Outros|40||25|
20046989|1996|530100100108|Distrito Federal|DF|BRASILIA|Particular|Urbana|Ativo|1057|Outros|755|690|738|640
20045495|1996|530100100108|Distrito Federal|DF|BRASILIA|Estadual|Urbana|Ativo|1057|Outros|789|656|635|532
20046983|1996|530100100108|Distrito Federal|DF|BRASILIA|Particular|Urbana|Ativo|1057|Outros|282|158|146|137
20663728|1996|520401100803|Goias|GO|ALVORADA DO NORTE|Estadual|Urbana|Ativo|1057|Outros||||
20045256|1996|520100301702|Goias|GO|ARAGARCAS|Estadual|Urbana|Ativo|1057|Outros|88|6|71|15
20147331|1996|530100100108|Distrito Federal|DF|BRASILIA|Estadual|Urbana|Ativo|1057|Outros|204|92||
20479626|1996|520301008707|Goias|GO|GOIANIA|Particular|Urbana|Ativo|1057|Outros|176|57|39|30
21283627|1996|350703252403|S?o Paulo|SP|SUMARE|Particular|Urbana|Ativo|1057|Outros|3|3||
20343807|1996|350201216200|S?o Paulo|SP|FRANCA|Estadual|Urbana|Ativo|1057|Outros|15|15|10|10
21871092|1996|351405631100|S?o Paulo|SP|MONGAGUA|Estadual|Urbana|Ativo|1057|Outros|||80|
20325479|1996|350201443402|S?o Paulo|SP|RIBEIRAO PRETO|Estadual|Urbana|Ativo|1057|Outros|41|41|41|41
21287976|1996|420100504301|Santa Catarina|SC|CONCORDIA|Estadual|Urbana|Ativo|1057|Outros|554|359|676|455
21402850|1996|351506148807|S?o Paulo|SP|SAO CAETANO DO SUL|Particular|Urbana|Ativo|1057|Outros|106|20|110|25
20814296|1996|410502119905|Parana|PR|PONTA GROSSA|Particular|Urbana|Ativo|1057|Outros|179|61|128|38
21224570|1996|350301837305|S?o Paulo|SP|PENAPOLIS|Particular|Urbana|Ativo|1057|Outros|||80|
21218225|1996|351204623909|S?o Paulo|SP|ITU|Particular|Urbana|Ativo|1057|Outros|||84|17
21243142|1996|351506348500|S?o Paulo|SP|SANTOS|Particular|Urbana|Ativo|1057|Outros|156|51|115|34
21868848|1996|350803534609|S?o Paulo|SP|OSVALDO CRUZ|Estadual|Urbana|Ativo|1057|Outros|20|7|6|6
21171184|1996|351506348500|S?o Paulo|SP|SANTOS|Particular|Urbana|Ativo|1057|Outros|45|45|45|
21709235|1996|351506348500|S?o Paulo|SP|SANTOS|Particular|Urbana|Ativo|1057|Outros|5|1||
21381092|1996|351506150308|S?o Paulo|SP|SAO PAULO|Particular|Urbana|Ativo|1057|Outros|133|16|126|10
20295643|1996|350703301905|S?o Paulo|SP|AMPARO|Estadual|Urbana|Ativo|1057|Outros|29|27|27|27
20184565|1996|351204652205|S?o Paulo|SP|SOROCABA|Estadual|Urbana|Ativo|1057|Outros|21|17|26|24
21708940|1996|351506150308|S?o Paulo|SP|SAO PAULO|Particular|Urbana|Ativo|1057|Outros|108|24|48|11
20215524|1996|500401003702|Mato Grosso do Sul|MS|DOURADOS|Particular|Urbana|Ativo|1057|Outros|12|2||
21720136|1996|351506150308|S?o Paulo|SP|SAO PAULO|Particular|Urbana|Ativo|1057|Outros|312|44|278|36
21142356|1996|351506150308|S?o Paulo|SP|SAO PAULO|Particular|Urbana|Ativo|1057|Outros|18|2||
21397751|1996|351505918800|S?o Paulo|SP|GUARULHOS|Particular|Urbana|Ativo|1057|Outros|32|29|26|21
21171681|1996|351506150308|S?o Paulo|SP|SAO PAULO|Particular|Urbana|Ativo|1057|Outros|52|52||
21414968|1996|351506150308|S?o Paulo|SP|SAO PAULO|Particular|Urbana|Ativo|1057|Outros|321|143|373|205
21394429|1996|351506150308|S?o Paulo|SP|SAO PAULO|Particular|Urbana|Ativo|1057|Outros|16|||
21400152|1996|351506150308|S?o Paulo|SP|SAO PAULO|Particular|Urbana|Ativo|1057|Outros|136|15|93|39
21002250|1996|330601804557|Rio de Janeiro|RJ|RIO DE JANEIRO|Particular|Urbana|Ativo|1057|Outros|34|20||
20596493|1996|350602726902|S?o Paulo|SP|LIMEIRA|Estadual|Urbana|Ativo|1057|Outros|67|52||
20144433|1996|520100212204|Goias|GO|JUSSARA|Estadual|Urbana|Ativo|1057|Outros|120|98|63|42
21326279|1996|420601818707|Santa Catarina|SC|TUBARAO|Estadual|Urbana|Ativo|1057|Outros|||935|812
20296282|1996|350703010807|S?o Paulo|SP|CASA BRANCA|Estadual|Urbana|Ativo|1057|Outros|26|26||
21229785|1996|350301702804|S?o Paulo|SP|ARACATUBA|Particular|Urbana|Ativo|1057|Outros|142|40|68|
20919357|1996|330601804557|Rio de Janeiro|RJ|RIO DE JANEIRO|Particular|Urbana|Ativo|1057|Outros|||34|18
20364543|1996|330300804607|Rio de Janeiro|RJ|SANTA MARIA MADALENA|Estadual|Urbana|Ativo|1057|Outros|28|6||
20031774|1996|500100201102|Mato Grosso do Sul|MS|AQUIDAUANA|Particular|Urbana|Ativo|1057|Outros|271|240||
21356624|1996|351506150308|S?o Paulo|SP|SAO PAULO|Particular|Urbana|Ativo|1057|Outros|134|10|125|23
20457754|1996|350903816705|S?o Paulo|SP|GARCA|Estadual|Urbana|Ativo|1057|Outros|73|23|27|18
21289239|1996|420401202404|Santa Catarina|SC|BLUMENAU|Particular|Urbana|Ativo|1057|Outros|90|50||
21286160|1996|351506150308|S?o Paulo|SP|SAO PAULO|Particular|Urbana|Ativo|1057|Outros|34|||
21397330|1996|350703209502|S?o Paulo|SP|CAMPINAS|Particular|Urbana|Ativo|1473|Tecnico em Alimentos|64||71|23
20046989|1996|530100100108|Distrito Federal|DF|BRASILIA|Particular|Urbana|Ativo|1759|Tecnico em Edificac?es|56||59|19
20469836|1996|110200700304|Rondonia|RO|VILHENA|Estadual|Urbana|Ativo|1783|Tecnico em Eletromecanica|1||2|1
20469893|1996|110100100205|Rondonia|RO|PORTO VELHO|Estadual|Urbana|Ativo|1783|Tecnico em Eletromecanica|44|4||
20903987|1996|410602408304|Parana|PR|FOZ DO IGUACU|Particular|Urbana|Ativo|1813|Tecnico em Eletronica|27|13|13|12
21160371|1996|351505918800|S?o Paulo|SP|GUARULHOS|Particular|Urbana|Ativo|1813|Tecnico em Eletronica|13|8|8|8
21397330|1996|350703209502|S?o Paulo|SP|CAMPINAS|Particular|Urbana|Ativo|1813|Tecnico em Eletronica|92|||
21429571|1996|410300915200|Parana|PR|MARINGA|Particular|Urbana|Ativo|1813|Tecnico em Eletronica|62||62|26
21289239|1996|420401202404|Santa Catarina|SC|BLUMENAU|Particular|Urbana|Ativo|1813|Tecnico em Eletronica|33|20||
21429571|1996|410300915200|Parana|PR|MARINGA|Particular|Urbana|Ativo|1848|Tecnico em Eletrotecnica|25|6|15|
20903987|1996|410602408304|Parana|PR|FOZ DO IGUACU|Particular|Urbana|Ativo|1848|Tecnico em Eletrotecnica|37|12|18|
20083675|1996|410100228104|Parana|PR|UMUARAMA|Particular|Urbana|Ativo|1848|Tecnico em Eletrotecnica|6|6|10|10
20215524|1996|500401003702|Mato Grosso do Sul|MS|DOURADOS|Particular|Urbana|Ativo|1848|Tecnico em Eletrotecnica|34|10||
21400651|1996|290401700702|Bahia|BA|ALAGOINHAS|Federal|Urbana|Ativo|1848|Tecnico em Eletrotecnica|24|8||
21221645|1996|260501710707|Pernambuco|PE|PAULISTA|Particular|Urbana|Ativo|1961|Tecnico em Fiacao|82|23|0|0
20773700|1996|520501318805|Goias|GO|RIO VERDE|Federal|Urbana|Ativo|2143|Tecnico em Leite e derivados||||
21868848|1996|350803534609|S?o Paulo|SP|OSVALDO CRUZ|Estadual|Urbana|Ativo|2291|Tecnico em Mecanica|13|10|10|10
21404868|1996|351305054102|S?o Paulo|SP|TAUBATE|Particular|Urbana|Ativo|2291|Tecnico em Mecanica|115|27|113|21
21398452|1996|351506148708|S?o Paulo|SP|SAO BERNARDO DO CAMPO|Particular|Urbana|Ativo|2291|Tecnico em Mecanica|123|32|124|30
21398447|1996|350703209502|S?o Paulo|SP|CAMPINAS|Particular|Urbana|Ativo|2291|Tecnico em Mecanica|57|26|56|0
21379825|1996|351506150308|S?o Paulo|SP|SAO PAULO|Particular|Urbana|Ativo|2291|Tecnico em Mecanica|403|326|391|337
21575602|1996|310703445901|Minas Gerais|MG|OURO BRANCO|Particular|Urbana|Ativo|2291|Tecnico em Mecanica|||30|25
21546621|1996|230301604400|Ceara|CE|FORTALEZA|Particular|Urbana|Ativo|2291|Tecnico em Mecanica|26|26|23|21
21400651|1996|290401700702|Bahia|BA|ALAGOINHAS|Federal|Urbana|Ativo|2356|Tecnico em Metalurgia|22|4||
21575602|1996|310703445901|Minas Gerais|MG|OURO BRANCO|Particular|Urbana|Ativo|2658|Tecnico em Quimica|||30|29
21151603|1996|351506150308|S?o Paulo|SP|SAO PAULO|Particular|Urbana|Ativo|2658|Tecnico em Quimica|29|6||
20469836|1996|110200700304|Rondonia|RO|VILHENA|Estadual|Urbana|Ativo|2771|Tecnico em Telecomunicacao|2||3|
20461395|1996|110200700189|Rondonia|RO|PIMENTA BUENO|Estadual|Urbana|Ativo|2771|Tecnico em Telecomunicacao|||2|
20213191|1996|110200400122|Rondonia|RO|JI-PARANA|Estadual|Urbana|Ativo|2771|Tecnico em Telecomunicacao|||2|
20031650|1996|110100100338|Rondonia|RO|NOVA MAMORE|Estadual|Urbana|Ativo|2771|Tecnico em Telecomunicacao|||2|
20043742|1996|110200300023|Rondonia|RO|ARIQUEMES|Estadual|Urbana|Ativo|2771|Tecnico em Telecomunicacao|||2|1
20469893|1996|110100100205|Rondonia|RO|PORTO VELHO|Estadual|Urbana|Ativo|2771|Tecnico em Telecomunicacao|25|8||
20204179|1996|210100211300|Maranhao|MA|SAO LUIS|Particular|Urbana|Ativo|5673|Assistente de Administrac?o|30|22||
20197157|1996|530100100108|Distrito Federal|DF|BRASILIA|Particular|Urbana|Ativo|5673|Assistente de Administrac?o|170|17|223|51
20072669|1996|530100100108|Distrito Federal|DF|BRASILIA|Particular|Urbana|Ativo|5673|Assistente de Administrac?o|84||90|23
20072628|1996|530100100108|Distrito Federal|DF|BRASILIA|Particular|Urbana|Ativo|5673|Assistente de Administrac?o|3|||
20919034|1996|330601804557|Rio de Janeiro|RJ|RIO DE JANEIRO|Particular|Urbana|Ativo|5673|Assistente de Administrac?o|21||29|
21399387|1996|410501927106|Parana|PR|TELEMACO BORBA|Particular|Urbana|Ativo|5673|Assistente de Administrac?o|74|11||
20809089|1996|330601804557|Rio de Janeiro|RJ|RIO DE JANEIRO|Estadual|Urbana|Ativo|5673|Assistente de Administrac?o|||69|1
21344456|1996|351305024402|S?o Paulo|SP|JACAREI|Particular|Urbana|Ativo|5673|Assistente de Administrac?o|40|31||
20710812|1996|330601803302|Rio de Janeiro|RJ|NITEROI|Particular|Urbana|Ativo|5886|Habilitac?o de 2? Grau para exercicio de Magisterio em 1? Grau - 1? a 4? serie|4502|4000|1605|36
21326279|1996|420601818707|Santa Catarina|SC|TUBARAO|Estadual|Urbana|Ativo|5886|Habilitac?o de 2? Grau para exercicio de Magisterio em 1? Grau - 1? a 4? serie|||14|12
20296207|1996|351204832405|S?o Paulo|SP|NAZARE PAULISTA|Estadual|Urbana|Ativo|5886|Habilitac?o de 2? Grau para exercicio de Magisterio em 1? Grau - 1? a 4? serie|18|18|18|18
20376717|1996|500401104700|Mato Grosso do Sul|MS|IVINHEMA|Municipal|Urbana|Ativo|5886|Habilitac?o de 2? Grau para exercicio de Magisterio em 1? Grau - 1? a 4? serie|42|34||
21147385|1996|250402104900|Paraiba|PB|CRUZ DO ESPIRITO SANTO|Estadual|Urbana|Ativo|5886|Habilitac?o de 2? Grau para exercicio de Magisterio em 1? Grau - 1? a 4? serie|80|||
20994418|1996|230301609706|Ceara|CE|PACATUBA|Estadual|Urbana|Ativo|5886|Habilitac?o de 2? Grau para exercicio de Magisterio em 1? Grau - 1? a 4? serie|53|6||
20819990|1996|230301604400|Ceara|CE|FORTALEZA|Particular|Urbana|Ativo|5886|Habilitac?o de 2? Grau para exercicio de Magisterio em 1? Grau - 1? a 4? serie||||
20804951|1996|230301601000|Ceara|CE|AQUIRAZ|Estadual|Urbana|Ativo|5886|Habilitac?o de 2? Grau para exercicio de Magisterio em 1? Grau - 1? a 4? serie|9|3||
21072915|1996|250402204603|Paraiba|PB|CONDE|Estadual|Urbana|Ativo|5886|Habilitac?o de 2? Grau para exercicio de Magisterio em 1? Grau - 1? a 4? serie|20|20|20|20
20776312|1996|230201502206|Ceara|CE|BEBERIBE|Estadual|Urbana|Ativo|5886|Habilitac?o de 2? Grau para exercicio de Magisterio em 1? Grau - 1? a 4? serie|36|11||
20777196|1996|230201502206|Ceara|CE|BEBERIBE|Estadual|Urbana|Ativo|5886|Habilitac?o de 2? Grau para exercicio de Magisterio em 1? Grau - 1? a 4? serie|48|4||
20623925|1996|230201100903|Ceara|CE|APUIARES|Estadual|Urbana|Ativo|5886|Habilitac?o de 2? Grau para exercicio de Magisterio em 1? Grau - 1? a 4? serie|24|||
20046179|1996|230100102602|Ceara|CE|CAMOCIM|Municipal|Urbana|Ativo|5886|Habilitac?o de 2? Grau para exercicio de Magisterio em 1? Grau - 1? a 4? serie|40|6||
21171373|1996|220100210052|Piaui|PI|SAO JOSE DO DIVINO|Municipal|Urbana|Ativo|5886|Habilitac?o de 2? Grau para exercicio de Magisterio em 1? Grau - 1? a 4? serie|3|1||
21147400|1996|250100413802|Paraiba|PB|SANTA TERESINHA|Municipal|Urbana|Ativo|5886|Habilitac?o de 2? Grau para exercicio de Magisterio em 1? Grau - 1? a 4? serie|36|||
20994863|1996|230301607700|Ceara|CE|MARANGUAPE|Municipal|Urbana|Ativo|5886|Habilitac?o de 2? Grau para exercicio de Magisterio em 1? Grau - 1? a 4? serie|88|1|74|10
21159826|1996|220300805904|Piaui|PI|MANOEL EMIDIO|Estadual|Urbana|Ativo|5886|Habilitac?o de 2? Grau para exercicio de Magisterio em 1? Grau - 1? a 4? serie|70|49||
21144643|1996|220301207603|Piaui|PI|PARNAGUA|Estadual|Urbana|Ativo|5886|Habilitac?o de 2? Grau para exercicio de Magisterio em 1? Grau - 1? a 4? serie|||19|15
21179502|1996|220200508809|Piaui|PI|REGENERACAO|Estadual|Urbana|Ativo|5886|Habilitac?o de 2? Grau para exercicio de Magisterio em 1? Grau - 1? a 4? serie|||20|18
21517197|1996|230602807502|Ceara|CE|LAVRAS DA MANGABEIRA|Municipal|Urbana|Ativo|5886|Habilitac?o de 2? Grau para exercicio de Magisterio em 1? Grau - 1? a 4? serie||||
21179497|1996|220200500509|Piaui|PI|AMARANTE|Estadual|Urbana|Ativo|5886|Habilitac?o de 2? Grau para exercicio de Magisterio em 1? Grau - 1? a 4? serie|6|4|6|4
21171351|1996|220200410409|Piaui|PI|SAO MIGUEL DO TAPUIO|Municipal|Rural|Ativo|5886|Habilitac?o de 2? Grau para exercicio de Magisterio em 1? Grau - 1? a 4? serie|36|20||
20842336|1996|220301006605|Piaui|PI|MONTE ALEGRE DO PIAUI|Estadual|Urbana|Ativo|5886|Habilitac?o de 2? Grau para exercicio de Magisterio em 1? Grau - 1? a 4? serie|20|6|14|6
20583909|1996|220200604709|Piaui|PI|INHUMA|Estadual|Urbana|Ativo|5886|Habilitac?o de 2? Grau para exercicio de Magisterio em 1? Grau - 1? a 4? serie|16|||
20507697|1996|220200402604|Piaui|PI|CASTELO DO PIAUI|Estadual|Urbana|Ativo|5886|Habilitac?o de 2? Grau para exercicio de Magisterio em 1? Grau - 1? a 4? serie|20|20|17|10
20507693|1996|220200402208|Piaui|PI|CAMPO MAIOR|Estadual|Urbana|Ativo|5886|Habilitac?o de 2? Grau para exercicio de Magisterio em 1? Grau - 1? a 4? serie|||20|8
20591942|1996|250200814909|Paraiba|PB|SAO MAMEDE|Estadual|Urbana|Ativo|5886|Habilitac?o de 2? Grau para exercicio de Magisterio em 1? Grau - 1? a 4? serie|12|9||
20346982|1996|220200311001|Piaui|PI|TERESINA|Estadual|Urbana|Ativo|5886|Habilitac?o de 2? Grau para exercicio de Magisterio em 1? Grau - 1? a 4? serie|16|16|5|5
21535030|1996|230402100309|Ceara|CE|ACOPIARA|Estadual|Urbana|Ativo|5886|Habilitac?o de 2? Grau para exercicio de Magisterio em 1? Grau - 1? a 4? serie|||48|12
20326354|1996|220200311001|Piaui|PI|TERESINA|Estadual|Urbana|Ativo|5886|Habilitac?o de 2? Grau para exercicio de Magisterio em 1? Grau - 1? a 4? serie|33|5||
20326351|1996|220200311001|Piaui|PI|TERESINA|Estadual|Urbana|Ativo|5886|Habilitac?o de 2? Grau para exercicio de Magisterio em 1? Grau - 1? a 4? serie|90|67|90|37
20260194|1996|220200302737|Piaui|PI|COIVARAS|Estadual|Urbana|Ativo|5886|Habilitac?o de 2? Grau para exercicio de Magisterio em 1? Grau - 1? a 4? serie|5|||
21147390|1996|250402207507|Paraiba|PB|JOAO PESSOA|Estadual|Urbana|Ativo|5886|Habilitac?o de 2? Grau para exercicio de Magisterio em 1? Grau - 1? a 4? serie|946|21|1012|38
21171425|1996|250100510402|Paraiba|PB|OLHO D'AGUA|Municipal|Urbana|Ativo|5886|Habilitac?o de 2? Grau para exercicio de Magisterio em 1? Grau - 1? a 4? serie|||20|
21147370|1996|250100605303|Paraiba|PB|CURRAL VELHO|Municipal|Urbana|Ativo|5886|Habilitac?o de 2? Grau para exercicio de Magisterio em 1? Grau - 1? a 4? serie|14|1|14|1
21160994|1996|250402311202|Paraiba|PB|PEDRAS DE FOGO|Estadual|Urbana|Ativo|5886|Habilitac?o de 2? Grau para exercicio de Magisterio em 1? Grau - 1? a 4? serie|109|||
20996249|1996|250402111509|Paraiba|PB|PILAR|Municipal|Urbana|Ativo|5886|Habilitac?o de 2? Grau para exercicio de Magisterio em 1? Grau - 1? a 4? serie|24|6|24|6
20994905|1996|250402007309|Paraiba|PB|JACARAU|Estadual|Urbana|Ativo|5886|Habilitac?o de 2? Grau para exercicio de Magisterio em 1? Grau - 1? a 4? serie|48||48|2
20994889|1996|250301813109|Paraiba|PB|SALGADO DE SAO FELIX|Municipal|Urbana|Ativo|5886|Habilitac?o de 2? Grau para exercicio de Magisterio em 1? Grau - 1? a 4? serie|23|12|23|23
20813751|1996|250301600809|Paraiba|PB|ARACAGI|Estadual|Urbana|Ativo|5886|Habilitac?o de 2? Grau para exercicio de Magisterio em 1? Grau - 1? a 4? serie|33||33|
20813747|1996|250301600502|Paraiba|PB|ALAGOINHA|Estadual|Urbana|Ativo|5886|Habilitac?o de 2? Grau para exercicio de Magisterio em 1? Grau - 1? a 4? serie|37|5|32|7
20813721|1996|250301501500|Paraiba|PB|BANANEIRAS|Estadual|Urbana|Ativo|5886|Habilitac?o de 2? Grau para exercicio de Magisterio em 1? Grau - 1? a 4? serie|23|5|18|
20708740|1996|250301205105|Paraiba|PB|CUITE|Estadual|Urbana|Ativo|5886|Habilitac?o de 2? Grau para exercicio de Magisterio em 1? Grau - 1? a 4? serie|39|8||
21147354|1996|230401911405|Ceara|CE|QUIXERAMOBIM|Municipal|Urbana|Ativo|5886|Habilitac?o de 2? Grau para exercicio de Magisterio em 1? Grau - 1? a 4? serie|84|18||
20468664|1996|250100716706|Paraiba|PB|TEIXEIRA|Municipal|Urbana|Ativo|5886|Habilitac?o de 2? Grau para exercicio de Magisterio em 1? Grau - 1? a 4? serie|240||240|3
20403546|1996|250100604405|Paraiba|PB|CONCEICAO|Estadual|Urbana|Ativo|5886|Habilitac?o de 2? Grau para exercicio de Magisterio em 1? Grau - 1? a 4? serie|74|12||
20402519|1996|250100505907|Paraiba|PB|EMAS|Estadual|Urbana|Ativo|5886|Habilitac?o de 2? Grau para exercicio de Magisterio em 1? Grau - 1? a 4? serie|38|||
21065345|1996|230401902404|Ceara|CE|BOA VIAGEM|Estadual|Urbana|Ativo|5886|Habilitac?o de 2? Grau para exercicio de Magisterio em 1? Grau - 1? a 4? serie|128|25||
20194201|1996|250100216805|Paraiba|PB|TRIUNFO|Estadual|Urbana|Ativo|5886|Habilitac?o de 2? Grau para exercicio de Magisterio em 1? Grau - 1? a 4? serie|93||93|
20194175|1996|250100214503|Paraiba|PB|SAO JOSE DE PIRANHAS|Estadual|Urbana|Ativo|5886|Habilitac?o de 2? Grau para exercicio de Magisterio em 1? Grau - 1? a 4? serie|64|3|64|7
20042589|1996|250100203704|Paraiba|PB|CAJAZEIRAS|Estadual|Urbana|Ativo|5886|Habilitac?o de 2? Grau para exercicio de Magisterio em 1? Grau - 1? a 4? serie|101|5|101|5
21572781|1996|230602714003|Ceara|CE|VARZEA ALEGRE|Municipal|Urbana|Ativo|5886|Habilitac?o de 2? Grau para exercicio de Magisterio em 1? Grau - 1? a 4? serie|45|16||
21575336|1996|230502311801|Ceara|CE|RUSSAS|Municipal|Urbana|Ativo|5886|Habilitac?o de 2? Grau para exercicio de Magisterio em 1? Grau - 1? a 4? serie|177|||
21583480|1996|230602609508|Ceara|CE|OROS|Estadual|Urbana|Ativo|5886|Habilitac?o de 2? Grau para exercicio de Magisterio em 1? Grau - 1? a 4? serie|79|5||
21576271|1996|230200910209|Ceara|CE|PARACURU|Estadual|Urbana|Ativo|5886|Habilitac?o de 2? Grau para exercicio de Magisterio em 1? Grau - 1? a 4? serie||||
21571965|1996|230602707403|Ceara|CE|JUCAS|Municipal|Urbana|Ativo|5886|Habilitac?o de 2? Grau para exercicio de Magisterio em 1? Grau - 1? a 4? serie|51|2||
20042443|1996|140200300308|Roraima|RR|MUCAJAI|Estadual|Urbana|Ativo|5886|Habilitac?o de 2? Grau para exercicio de Magisterio em 1? Grau - 1? a 4? serie|38|38||
20042458|1996|140200400605|Roraima|RR|SAO LUIZ|Estadual|Urbana|Ativo|5886|Habilitac?o de 2? Grau para exercicio de Magisterio em 1? Grau - 1? a 4? serie|55|40||
21572765|1996|230602714003|Ceara|CE|VARZEA ALEGRE|Municipal|Urbana|Ativo|5886|Habilitac?o de 2? Grau para exercicio de Magisterio em 1? Grau - 1? a 4? serie|45|16||
20042437|1996|140100100100|Roraima|RR|BOA VISTA|Estadual|Urbana|Ativo|5886|Habilitac?o de 2? Grau para exercicio de Magisterio em 1? Grau - 1? a 4? serie|||16|16
21484842|1996|230703204202|Ceara|CE|CRATO|Estadual|Urbana|Ativo|5886|Habilitac?o de 2? Grau para exercicio de Magisterio em 1? Grau - 1? a 4? serie|90|25||
21546621|1996|230301604400|Ceara|CE|FORTALEZA|Particular|Urbana|Ativo|5886|Habilitac?o de 2? Grau para exercicio de Magisterio em 1? Grau - 1? a 4? serie|46|44|44|40
20335583|1996|250100410808|Paraiba|PB|PATOS|Estadual|Urbana|Ativo|5886|Habilitac?o de 2? Grau para exercicio de Magisterio em 1? Grau - 1? a 4? serie|198|9|198|9
21552175|1996|230100605803|Ceara|CE|IPU|Municipal|Urbana|Ativo|5886|Habilitac?o de 2? Grau para exercicio de Magisterio em 1? Grau - 1? a 4? serie|125|28||
21285596|1996|230402112700|Ceara|CE|SENADOR POMPEU|Municipal|Urbana|Ativo|5886|Habilitac?o de 2? Grau para exercicio de Magisterio em 1? Grau - 1? a 4? serie|70|10||
21561017|1996|230401911306|Ceara|CE|QUIXADA|Estadual|Urbana|Ativo|5886|Habilitac?o de 2? Grau para exercicio de Magisterio em 1? Grau - 1? a 4? serie|187|5||
20335598|1996|250100511301|Paraiba|PB|PIANCO|Estadual|Urbana|Ativo|5886|Habilitac?o de 2? Grau para exercicio de Magisterio em 1? Grau - 1? a 4? serie|62||62|20
21451416|1996|230702911207|Ceara|CE|POTENGI|Estadual|Urbana|Ativo|5886|Habilitac?o de 2? Grau para exercicio de Magisterio em 1? Grau - 1? a 4? serie|||21|2
21457028|1996|230702902701|Ceara|CE|CAMPOS SALES|Estadual|Urbana|Ativo|5886|Habilitac?o de 2? Grau para exercicio de Magisterio em 1? Grau - 1? a 4? serie|37|4|30|3
20994883|1996|250301809404|Paraiba|PB|MOGEIRO|Estadual|Urbana|Ativo|5886|Habilitac?o de 2? Grau para exercicio de Magisterio em 1? Grau - 1? a 4? serie|44|5||
21457014|1996|230702901307|Ceara|CE|ARARIPE|Estadual|Urbana|Ativo|5886|Habilitac?o de 2? Grau para exercicio de Magisterio em 1? Grau - 1? a 4? serie|35|27||
21363867|1996|230502506009|Ceara|CE|IRACEMA|Municipal|Urbana|Ativo|5886|Habilitac?o de 2? Grau para exercicio de Magisterio em 1? Grau - 1? a 4? serie|37|3|37|3
21346278|1996|230502406900|Ceara|CE|JAGUARIBE|Estadual|Urbana|Ativo|5886|Habilitac?o de 2? Grau para exercicio de Magisterio em 1? Grau - 1? a 4? serie|141|22||
21294548|1996|230502201109|Ceara|CE|ARACATI|Particular|Urbana|Ativo|5886|Habilitac?o de 2? Grau para exercicio de Magisterio em 1? Grau - 1? a 4? serie|117|2||
21402364|1996|411003706902|Parana|PR|CURITIBA|Particular|Urbana|Ativo|5941|Inspetor de Seguranca do Trabalho|125||174|
20710812|1996|330601803302|Rio de Janeiro|RJ|NITEROI|Particular|Urbana|Ativo|5941|Inspetor de Seguranca do Trabalho|87|8||
20325643|1996|350100739905|S?o Paulo|SP|POLONI|Estadual|Urbana|Ativo|6246|Tecnico em Contabilidade|46|29||
20327332|1996|350100538105|S?o Paulo|SP|PINDORAMA|Estadual|Urbana|Ativo|6246|Tecnico em Contabilidade|13|13||
21224916|1996|351305410500|S?o Paulo|SP|CARAGUATATUBA|Particular|Urbana|Ativo|6246|Tecnico em Contabilidade|16|15||
20935590|1996|420602010407|Santa Catarina|SC|MARACAJA|Particular|Urbana|Ativo|6246|Tecnico em Contabilidade|24|23|21|20
20919230|1996|330601804557|Rio de Janeiro|RJ|RIO DE JANEIRO|Particular|Urbana|Ativo|6246|Tecnico em Contabilidade|38|15|40|12
20234515|1996|420601904608|Santa Catarina|SC|CRICIUMA|Particular|Urbana|Ativo|6246|Tecnico em Contabilidade|230|13|119|19
21399387|1996|410501927106|Parana|PR|TELEMACO BORBA|Particular|Urbana|Ativo|6246|Tecnico em Contabilidade|37|36|54|54
21395365|1996|410300914203|Parana|PR|MANDAGUARI|Particular|Urbana|Ativo|6246|Tecnico em Contabilidade|14|||
21217646|1996|350402006003|S?o Paulo|SP|BAURU|Particular|Urbana|Ativo|6246|Tecnico em Contabilidade|56|15|34|33
20919034|1996|330601804557|Rio de Janeiro|RJ|RIO DE JANEIRO|Particular|Urbana|Ativo|6246|Tecnico em Contabilidade|54||65|
21236082|1996|350502513702|S?o Paulo|SP|DESCALVADO|Particular|Urbana|Ativo|6246|Tecnico em Contabilidade|47|45|45|35
20927487|1996|410602408304|Parana|PR|FOZ DO IGUACU|Particular|Urbana|Ativo|6246|Tecnico em Contabilidade|30|26|25|
21380755|1996|411003706902|Parana|PR|CURITIBA|Particular|Urbana|Ativo|6246|Tecnico em Contabilidade|50|15|50|2
20920546|1996|410602304808|Parana|PR|CASCAVEL|Particular|Urbana|Ativo|6246|Tecnico em Contabilidade|59|55||
20816001|1996|410502119905|Parana|PR|PONTA GROSSA|Particular|Urbana|Ativo|6246|Tecnico em Contabilidade|68|29|36|33
20807187|1996|330601804144|Rio de Janeiro|RJ|QUEIMADOS|Particular|Urbana|Ativo|6246|Tecnico em Contabilidade|||105|
20987864|1996|330601804557|Rio de Janeiro|RJ|RIO DE JANEIRO|Particular|Urbana|Ativo|6246|Tecnico em Contabilidade|57|2|53|
20712053|1996|330601803500|Rio de Janeiro|RJ|NOVA IGUACU|Particular|Urbana|Ativo|6246|Tecnico em Contabilidade|16|16||
20598355|1996|351305410500|S?o Paulo|SP|CARAGUATATUBA|Estadual|Urbana|Ativo|6246|Tecnico em Contabilidade|41|21||
21346233|1996|350703209502|S?o Paulo|SP|CAMPINAS|Particular|Urbana|Ativo|6246|Tecnico em Contabilidade|97|69||
21400089|1996|410300926256|Parana|PR|SARANDI|Particular|Urbana|Ativo|6246|Tecnico em Contabilidade|36|11|31|11
21344456|1996|351305024402|S?o Paulo|SP|JACAREI|Particular|Urbana|Ativo|6246|Tecnico em Contabilidade|25|23||
20461405|1996|110200800056|Rondonia|RO|CEREJEIRAS|Estadual|Urbana|Ativo|6246|Tecnico em Contabilidade|||1|
20183492|1996|110200400254|Rondonia|RO|PRESIDENTE MEDICI|Estadual|Urbana|Ativo|6246|Tecnico em Contabilidade|8|1|4|2
20213191|1996|110200400122|Rondonia|RO|JI-PARANA|Estadual|Urbana|Ativo|6246|Tecnico em Contabilidade|||16|2
20469836|1996|110200700304|Rondonia|RO|VILHENA|Estadual|Urbana|Ativo|6246|Tecnico em Contabilidade|4|2|1|
20195553|1996|110200400114|Rondonia|RO|JARU|Estadual|Urbana|Ativo|6246|Tecnico em Contabilidade|||4|
20326331|1996|110200600288|Rondonia|RO|ROLIM DE MOURA|Estadual|Urbana|Ativo|6246|Tecnico em Contabilidade|3|2|2|
20043742|1996|110200300023|Rondonia|RO|ARIQUEMES|Estadual|Urbana|Ativo|6246|Tecnico em Contabilidade|7|2|10|4
20326317|1996|110200600015|Rondonia|RO|ALTA FLORESTA D'OESTE|Estadual|Urbana|Ativo|6246|Tecnico em Contabilidade|||4|2
21547039|1996|230301604400|Ceara|CE|FORTALEZA|Particular|Urbana|Ativo|6246|Tecnico em Contabilidade|67|39|34|
20469893|1996|110100100205|Rondonia|RO|PORTO VELHO|Estadual|Urbana|Ativo|6246|Tecnico em Contabilidade|63|17||
20031665|1996|110200300130|Rondonia|RO|MACHADINHO D'OESTE|Estadual|Urbana|Ativo|6246|Tecnico em Contabilidade|2|2||
20072628|1996|530100100108|Distrito Federal|DF|BRASILIA|Particular|Urbana|Ativo|6246|Tecnico em Contabilidade|205|41|182|30
20594620|1996|520401212501|Goias|GO|LUZIANIA|Particular|Urbana|Ativo|6246|Tecnico em Contabilidade|53||49|15
20045359|1996|530100100108|Distrito Federal|DF|BRASILIA|Particular|Urbana|Ativo|6246|Tecnico em Contabilidade|121|64|121|62
20072446|1996|530100100108|Distrito Federal|DF|BRASILIA|Particular|Urbana|Ativo|6246|Tecnico em Contabilidade|69||92|54
20197157|1996|530100100108|Distrito Federal|DF|BRASILIA|Particular|Urbana|Ativo|6246|Tecnico em Contabilidade|440|37|324|61
20072133|1996|530100100108|Distrito Federal|DF|BRASILIA|Particular|Urbana|Ativo|6246|Tecnico em Contabilidade|371|45|337|66
20072323|1996|530100100108|Distrito Federal|DF|BRASILIA|Particular|Urbana|Ativo|6246|Tecnico em Contabilidade|476||519|88
20072669|1996|530100100108|Distrito Federal|DF|BRASILIA|Particular|Urbana|Ativo|6246|Tecnico em Contabilidade|71||75|21
20718446|1996|520501318805|Goias|GO|RIO VERDE|Particular|Urbana|Ativo|6424|Tecnico em Enfermagem|84|76|76|73
20479626|1996|520301008707|Goias|GO|GOIANIA|Particular|Urbana|Ativo|6424|Tecnico em Enfermagem|167|56|20|20
20365385|1996|350502419600|S?o Paulo|SP|IBITINGA|Estadual|Urbana|Ativo|6424|Tecnico em Enfermagem|23|||14
21720085|1996|351506150308|S?o Paulo|SP|SAO PAULO|Particular|Urbana|Ativo|6424|Tecnico em Enfermagem|||20|17
21711189|1996|351506150308|S?o Paulo|SP|SAO PAULO|Particular|Urbana|Ativo|6424|Tecnico em Enfermagem|89|78|132|121
21355653|1996|411003706902|Parana|PR|CURITIBA|Particular|Urbana|Ativo|6424|Tecnico em Enfermagem|235|186|187|169
20326683|1996|330401000704|Rio de Janeiro|RJ|CABO FRIO|Municipal|Urbana|Ativo|6424|Tecnico em Enfermagem|44|22||
21324528|1996|351506150308|S?o Paulo|SP|SAO PAULO|Particular|Urbana|Ativo|6424|Tecnico em Enfermagem|59|58|29|
20031650|1996|110100100338|Rondonia|RO|NOVA MAMORE|Estadual|Urbana|Ativo|6424|Tecnico em Enfermagem|||4|
20031665|1996|110200300130|Rondonia|RO|MACHADINHO D'OESTE|Estadual|Urbana|Ativo|6424|Tecnico em Enfermagem|1|1||
20183492|1996|110200400254|Rondonia|RO|PRESIDENTE MEDICI|Estadual|Urbana|Ativo|6424|Tecnico em Enfermagem|4|1|5|2
20461405|1996|110200800056|Rondonia|RO|CEREJEIRAS|Estadual|Urbana|Ativo|6424|Tecnico em Enfermagem|||9|1
21405204|1996|310702767202|Minas Gerais|MG|SETE LAGOAS|Particular|Urbana|Ativo|6424|Tecnico em Enfermagem|||24|8
20469836|1996|110200700304|Rondonia|RO|VILHENA|Estadual|Urbana|Ativo|6424|Tecnico em Enfermagem|18|6|10|
20478325|1996|270301104302|Alagoas|AL|MACEIO|Particular|Urbana|Ativo|6424|Tecnico em Enfermagem|47|35||
20213191|1996|110200400122|Rondonia|RO|JI-PARANA|Estadual|Urbana|Ativo|6424|Tecnico em Enfermagem|||28|11
20268394|1996|270100404401|Alagoas|AL|MAJOR ISIDORO|Estadual|Urbana|Ativo|6424|Tecnico em Enfermagem|1|||
20031657|1996|110100200080|Rondonia|RO|COSTA MARQUES|Estadual|Urbana|Ativo|6424|Tecnico em Enfermagem|2|||
20507693|1996|220200402208|Piaui|PI|CAMPO MAIOR|Estadual|Urbana|Ativo|6424|Tecnico em Enfermagem|||5|3
20461395|1996|110200700189|Rondonia|RO|PIMENTA BUENO|Estadual|Urbana|Ativo|6424|Tecnico em Enfermagem|||2|2
20043742|1996|110200300023|Rondonia|RO|ARIQUEMES|Estadual|Urbana|Ativo|6424|Tecnico em Enfermagem|||22|15
20326343|1996|110200600296|Rondonia|RO|SANTA LUZIA D'OESTE|Estadual|Urbana|Ativo|6424|Tecnico em Enfermagem|||6|
20326331|1996|110200600288|Rondonia|RO|ROLIM DE MOURA|Estadual|Urbana|Ativo|6424|Tecnico em Enfermagem|6|2|4|
21416651|1996|150401100107|Para|PA|ABAETETUBA|Estadual|Urbana|Ativo|6424|Tecnico em Enfermagem|6|1||
21366134|1996|150602108407|Para|PA|XINGUARA|Estadual|Urbana|Ativo|6424|Tecnico em Enfermagem|4|||
21305829|1996|150602004208|Para|PA|MARABA|Estadual|Urbana|Ativo|6424|Tecnico em Enfermagem|37|20||
20326317|1996|110200600015|Rondonia|RO|ALTA FLORESTA D'OESTE|Estadual|Urbana|Ativo|6424|Tecnico em Enfermagem|||6|5
20195553|1996|110200400114|Rondonia|RO|JARU|Estadual|Urbana|Ativo|6424|Tecnico em Enfermagem|||5|1
20469893|1996|110100100205|Rondonia|RO|PORTO VELHO|Estadual|Urbana|Ativo|6424|Tecnico em Enfermagem|44|12||
21547039|1996|230301604400|Ceara|CE|FORTALEZA|Particular|Urbana|Ativo|6424|Tecnico em Enfermagem|158||40|
20326313|1996|110200500346|Rondonia|RO|ALVORADA D'OESTE|Estadual|Urbana|Ativo|6424|Tecnico em Enfermagem|||3|
21683442|1996|311004864704|Minas Gerais|MG|SAO SEBASTIAO DO PARAISO|Particular|Urbana|Ativo|6424|Tecnico em Enfermagem|26|2|15|15
20461409|1996|110200800064|Rondonia|RO|COLORADO DO OESTE|Estadual|Urbana|Ativo|6424|Tecnico em Enfermagem|57|||
21622790|1996|310200743302|Minas Gerais|MG|MONTES CLAROS|Particular|Urbana|Ativo|6424|Tecnico em Enfermagem|35|35|31|27
20278177|1996|310703018601|Minas Gerais|MG|CONTAGEM|Particular|Urbana|Ativo|6572|Tecnico em Higiene dental|23||43|23
21398112|1996|410300915200|Parana|PR|MARINGA|Municipal|Urbana|Ativo|6572|Tecnico em Higiene dental|20|14|14|12
21720082|1996|351506150308|S?o Paulo|SP|SAO PAULO|Particular|Urbana|Ativo|6572|Tecnico em Higiene dental|||69|37
21214522|1996|350402000709|S?o Paulo|SP|AGUDOS|Particular|Urbana|Ativo|6670|Tecnico em Instrumento Musical|12|3||
21714902|1996|351506348500|S?o Paulo|SP|SANTOS|Particular|Urbana|Ativo|6670|Tecnico em Instrumento Musical|25|10||
21709219|1996|350201331308|S?o Paulo|SP|MONTE ALTO|Municipal|Urbana|Ativo|6670|Tecnico em Instrumento Musical|26|9||
20042227|1996|351506348500|S?o Paulo|SP|SANTOS|Particular|Urbana|Ativo|6670|Tecnico em Instrumento Musical|11|1||
21354518|1996|351506150308|S?o Paulo|SP|SAO PAULO|Particular|Urbana|Ativo|6670|Tecnico em Instrumento Musical|10|10||
20375891|1996|500401003702|Mato Grosso do Sul|MS|DOURADOS|Particular|Urbana|Ativo|6670|Tecnico em Instrumento Musical|13|7||
20323770|1996|500401003702|Mato Grosso do Sul|MS|DOURADOS|Particular|Urbana|Ativo|6670|Tecnico em Instrumento Musical|29|21||
20234515|1996|420601904608|Santa Catarina|SC|CRICIUMA|Particular|Urbana|Ativo|6815|Tecnico em Laboratorio de Protese Odontologica|||130|13
21217646|1996|350402006003|S?o Paulo|SP|BAURU|Particular|Urbana|Ativo|6815|Tecnico em Laboratorio de Protese Odontologica|80|15|72|51
21622790|1996|310200743302|Minas Gerais|MG|MONTES CLAROS|Particular|Urbana|Ativo|6815|Tecnico em Laboratorio de Protese Odontologica|45||56|13
21708833|1996|311206536702|Minas Gerais|MG|JUIZ DE FORA|Particular|Urbana|Ativo|6815|Tecnico em Laboratorio de Protese Odontologica|125|113|148|141
20045359|1996|530100100108|Distrito Federal|DF|BRASILIA|Particular|Urbana|Ativo|6998|Tecnico em Patologia Clinica|51|28|51|
20183492|1996|110200400254|Rondonia|RO|PRESIDENTE MEDICI|Estadual|Urbana|Ativo|6998|Tecnico em Patologia Clinica|5||5|2
20031665|1996|110200300130|Rondonia|RO|MACHADINHO D'OESTE|Estadual|Urbana|Ativo|6998|Tecnico em Patologia Clinica|4|||
20213191|1996|110200400122|Rondonia|RO|JI-PARANA|Estadual|Urbana|Ativo|6998|Tecnico em Patologia Clinica|||15|3
20326343|1996|110200600296|Rondonia|RO|SANTA LUZIA D'OESTE|Estadual|Urbana|Ativo|6998|Tecnico em Patologia Clinica|||4|1
20031657|1996|110100200080|Rondonia|RO|COSTA MARQUES|Estadual|Urbana|Ativo|6998|Tecnico em Patologia Clinica|1|||
20326331|1996|110200600288|Rondonia|RO|ROLIM DE MOURA|Estadual|Urbana|Ativo|6998|Tecnico em Patologia Clinica|3|1|1|
20043742|1996|110200300023|Rondonia|RO|ARIQUEMES|Estadual|Urbana|Ativo|6998|Tecnico em Patologia Clinica|||5|1
20195553|1996|110200400114|Rondonia|RO|JARU|Estadual|Urbana|Ativo|6998|Tecnico em Patologia Clinica|||6|1
21711189|1996|351506150308|S?o Paulo|SP|SAO PAULO|Particular|Urbana|Ativo|6998|Tecnico em Patologia Clinica|68|56|90|71
21291728|1996|351305420400|S?o Paulo|SP|ILHABELA|Particular|Urbana|Ativo|7021|Tecnico em Processamento de dados|7|4|4|4
20919230|1996|330601804557|Rio de Janeiro|RJ|RIO DE JANEIRO|Particular|Urbana|Ativo|7021|Tecnico em Processamento de dados|82|16|96|18
20322211|1996|350502422703|S?o Paulo|SP|ITAPOLIS|Estadual|Urbana|Ativo|7021|Tecnico em Processamento de dados|20|17||
21356793|1996|411003706902|Parana|PR|CURITIBA|Particular|Urbana|Ativo|7021|Tecnico em Processamento de dados|145|70|23|23
21265793|1996|350502548906|S?o Paulo|SP|SAO CARLOS|Particular|Urbana|Ativo|7021|Tecnico em Processamento de dados|122|22|70|
21356435|1996|411003706902|Parana|PR|CURITIBA|Particular|Urbana|Ativo|7021|Tecnico em Processamento de dados|162|81|144|73
21380755|1996|411003706902|Parana|PR|CURITIBA|Particular|Urbana|Ativo|7021|Tecnico em Processamento de dados|50|21|50|30
21210661|1996|350201443402|S?o Paulo|SP|RIBEIRAO PRETO|Particular|Urbana|Ativo|7021|Tecnico em Processamento de dados|175|54|110|19
20927487|1996|410602408304|Parana|PR|FOZ DO IGUACU|Particular|Urbana|Ativo|7021|Tecnico em Processamento de dados|52|30|48|25
20816001|1996|410502119905|Parana|PR|PONTA GROSSA|Particular|Urbana|Ativo|7021|Tecnico em Processamento de dados|60|26|30|21
20919034|1996|330601804557|Rio de Janeiro|RJ|RIO DE JANEIRO|Particular|Urbana|Ativo|7021|Tecnico em Processamento de dados|52||69|
21217646|1996|350402006003|S?o Paulo|SP|BAURU|Particular|Urbana|Ativo|7021|Tecnico em Processamento de dados|179|29|105|10
21160371|1996|351505918800|S?o Paulo|SP|GUARULHOS|Particular|Urbana|Ativo|7021|Tecnico em Processamento de dados|371|263|319|242
20197517|1996|351204601152|S?o Paulo|SP|ALUMINIO|Estadual|Urbana|Ativo|7021|Tecnico em Processamento de dados|47|46||
21138523|1996|351506150308|S?o Paulo|SP|SAO PAULO|Particular|Urbana|Ativo|7021|Tecnico em Processamento de dados|152|111|129|93
21152725|1996|351506150308|S?o Paulo|SP|SAO PAULO|Particular|Urbana|Ativo|7021|Tecnico em Processamento de dados|40|36|38|33
20919420|1996|330601804557|Rio de Janeiro|RJ|RIO DE JANEIRO|Particular|Urbana|Ativo|7021|Tecnico em Processamento de dados|||24|24
21346233|1996|350703209502|S?o Paulo|SP|CAMPINAS|Particular|Urbana|Ativo|7021|Tecnico em Processamento de dados|54|10||
21380158|1996|351506150308|S?o Paulo|SP|SAO PAULO|Particular|Urbana|Ativo|7021|Tecnico em Processamento de dados|13|||
21344456|1996|351305024402|S?o Paulo|SP|JACAREI|Particular|Urbana|Ativo|7021|Tecnico em Processamento de dados|90|60||
21075123|1996|310200743302|Minas Gerais|MG|MONTES CLAROS|Particular|Urbana|Ativo|7021|Tecnico em Processamento de dados|54|33|51|35
21380158|1996|351506150308|S?o Paulo|SP|SAO PAULO|Particular|Urbana|Ativo|7111|Tecnico em Publicidade|2|||
21210661|1996|350201443402|S?o Paulo|SP|RIBEIRAO PRETO|Particular|Urbana|Ativo|7412|Tecnico em Secretariado|32||31|28
20710812|1996|330601803302|Rio de Janeiro|RJ|NITEROI|Particular|Urbana|Ativo|7412|Tecnico em Secretariado|27|1||
20809089|1996|330601804557|Rio de Janeiro|RJ|RIO DE JANEIRO|Estadual|Urbana|Ativo|7412|Tecnico em Secretariado|||282|21
21164887|1996|351506150308|S?o Paulo|SP|SAO PAULO|Particular|Urbana|Ativo|7412|Tecnico em Secretariado|47|38||
20710833|1996|330601803302|Rio de Janeiro|RJ|NITEROI|Estadual|Urbana|Ativo|7412|Tecnico em Secretariado|501|62|537|74
20045359|1996|530100100108|Distrito Federal|DF|BRASILIA|Particular|Urbana|Ativo|7412|Tecnico em Secretariado|27|18|27|18
20045301|1996|530100100108|Distrito Federal|DF|BRASILIA|Particular|Urbana|Ativo|7561|Tecnico em Transacoes Imobiliarias|134|29|286|72
20710812|1996|330601803302|Rio de Janeiro|RJ|NITEROI|Particular|Urbana|Ativo|7561|Tecnico em Transacoes Imobiliarias|5889|3207|3271|3200
21401091|1996|410802909401|Parana|PR|GUARAPUAVA|Estadual|Urbana|Ativo|7561|Tecnico em Transacoes Imobiliarias|15|3||
21380755|1996|411003706902|Parana|PR|CURITIBA|Particular|Urbana|Ativo|7561|Tecnico em Transacoes Imobiliarias|26|12|37|16
20469836|1996|110200700304|Rondonia|RO|VILHENA|Estadual|Urbana|Ativo|7561|Tecnico em Transacoes Imobiliarias|1||1|
20043742|1996|110200300023|Rondonia|RO|ARIQUEMES|Estadual|Urbana|Ativo|7561|Tecnico em Transacoes Imobiliarias|||1|1
20195553|1996|110200400114|Rondonia|RO|JARU|Estadual|Urbana|Ativo|7561|Tecnico em Transacoes Imobiliarias|||2|
20469893|1996|110100100205|Rondonia|RO|PORTO VELHO|Estadual|Urbana|Ativo|7561|Tecnico em Transacoes Imobiliarias|76|34||
21289168|1996|260501711606|Pernambuco|PE|RECIFE|Particular|Urbana|Ativo|7927|Atendente de Consultorio dentario|||32|26
21286624|1996|260501711606|Pernambuco|PE|RECIFE|Particular|Urbana|Ativo|7951|Auxiliar de Administracao|308|199|276|202
21077689|1996|420200613609|Santa Catarina|SC|PORTO UNIAO|Particular|Urbana|Ativo|7951|Auxiliar de Administracao|213|140|171|120
21282470|1996|420401114805|Santa Catarina|SC|RIO DO SUL|Particular|Urbana|Ativo|8079|Auxiliar de Contabilidade|125|46|88|19
20031774|1996|500100201102|Mato Grosso do Sul|MS|AQUIDAUANA|Particular|Urbana|Ativo|8079|Auxiliar de Contabilidade|11|11||
20045476|1996|530100100108|Distrito Federal|DF|BRASILIA|Particular|Urbana|Ativo|8079|Auxiliar de Contabilidade|206|19|169|58
20045458|1996|530100100108|Distrito Federal|DF|BRASILIA|Particular|Urbana|Ativo|8079|Auxiliar de Contabilidade|177|11|137|13
20072504|1996|530100100108|Distrito Federal|DF|BRASILIA|Particular|Urbana|Ativo|8079|Auxiliar de Contabilidade|168|13|126|31
20072479|1996|530100100108|Distrito Federal|DF|BRASILIA|Particular|Urbana|Ativo|8079|Auxiliar de Contabilidade|71||78|23
20053847|1996|530100100108|Distrito Federal|DF|BRASILIA|Particular|Urbana|Ativo|8079|Auxiliar de Contabilidade|89|12|98|14
20045433|1996|530100100108|Distrito Federal|DF|BRASILIA|Particular|Urbana|Ativo|8079|Auxiliar de Contabilidade|||139|73
20072446|1996|530100100108|Distrito Federal|DF|BRASILIA|Particular|Urbana|Ativo|8079|Auxiliar de Contabilidade|417|63|289|68
20068349|1996|530100100108|Distrito Federal|DF|BRASILIA|Particular|Urbana|Ativo|8079|Auxiliar de Contabilidade|538||542|198
20197152|1996|530100100108|Distrito Federal|DF|BRASILIA|Particular|Urbana|Ativo|8079|Auxiliar de Contabilidade|114|||
20045380|1996|530100100108|Distrito Federal|DF|BRASILIA|Particular|Urbana|Ativo|8079|Auxiliar de Contabilidade|35|13|48|31
20045516|1996|530100100108|Distrito Federal|DF|BRASILIA|Particular|Urbana|Ativo|8079|Auxiliar de Contabilidade|||34|
20072683|1996|530100100108|Distrito Federal|DF|BRASILIA|Particular|Urbana|Ativo|8079|Auxiliar de Contabilidade|282|36|326|47
20072676|1996|530100100108|Distrito Federal|DF|BRASILIA|Particular|Urbana|Ativo|8079|Auxiliar de Contabilidade|182|48|253|62
20197148|1996|530100100108|Distrito Federal|DF|BRASILIA|Particular|Urbana|Ativo|8079|Auxiliar de Contabilidade|||62|17
20045318|1996|530100100108|Distrito Federal|DF|BRASILIA|Particular|Urbana|Ativo|8079|Auxiliar de Contabilidade|182|47|48|37
20479626|1996|520301008707|Goias|GO|GOIANIA|Particular|Urbana|Ativo|8133|Auxiliar de Enfermagem|83|33||
21305765|1996|420401202404|Santa Catarina|SC|BLUMENAU|Municipal|Urbana|Ativo|8133|Auxiliar de Enfermagem|48|15||
21305761|1996|420601904608|Santa Catarina|SC|CRICIUMA|Particular|Urbana|Ativo|8133|Auxiliar de Enfermagem|31|25||
21282815|1996|350703219071|S?o Paulo|SP|HORTOLANDIA|Particular|Urbana|Ativo|8133|Auxiliar de Enfermagem|121|121||
21398112|1996|410300915200|Parana|PR|MARINGA|Municipal|Urbana|Ativo|8133|Auxiliar de Enfermagem|99|80|67|43
21401091|1996|410802909401|Parana|PR|GUARAPUAVA|Estadual|Urbana|Ativo|8133|Auxiliar de Enfermagem|13|6||
20326683|1996|330401000704|Rio de Janeiro|RJ|CABO FRIO|Municipal|Urbana|Ativo|8133|Auxiliar de Enfermagem|59|23||
20327138|1996|350602838709|S?o Paulo|SP|PIRACICABA|Estadual|Urbana|Ativo|8133|Auxiliar de Enfermagem|53|29|29|28
21868848|1996|350803534609|S?o Paulo|SP|OSVALDO CRUZ|Estadual|Urbana|Ativo|8133|Auxiliar de Enfermagem|56|44|54|32
21714910|1996|351506150308|S?o Paulo|SP|SAO PAULO|Particular|Urbana|Ativo|8133|Auxiliar de Enfermagem|98|29||
21187023|1996|351506348500|S?o Paulo|SP|SANTOS|Particular|Urbana|Ativo|8133|Auxiliar de Enfermagem|178|102||
21711701|1996|351506150308|S?o Paulo|SP|SAO PAULO|Estadual|Urbana|Ativo|8133|Auxiliar de Enfermagem|36|34|39|26
21711685|1996|351506230607|S?o Paulo|SP|MOGI DAS CRUZES|Estadual|Urbana|Ativo|8133|Auxiliar de Enfermagem|77|33||
21720085|1996|351506150308|S?o Paulo|SP|SAO PAULO|Particular|Urbana|Ativo|8133|Auxiliar de Enfermagem|317|195|33|
20171285|1996|351405637602|S?o Paulo|SP|PERUIBE|Municipal|Urbana|Ativo|8133|Auxiliar de Enfermagem|||45|24
21353361|1996|350703130706|S?o Paulo|SP|MOGI-GUACU|Particular|Urbana|Ativo|8133|Auxiliar de Enfermagem|94|70||
21324528|1996|351506150308|S?o Paulo|SP|SAO PAULO|Particular|Urbana|Ativo|8133|Auxiliar de Enfermagem|151|148|106|
21622790|1996|310200743302|Minas Gerais|MG|MONTES CLAROS|Particular|Urbana|Ativo|8133|Auxiliar de Enfermagem|332|106|387|61
20461405|1996|110200800056|Rondonia|RO|CEREJEIRAS|Estadual|Urbana|Ativo|8133|Auxiliar de Enfermagem|||15|2
21637641|1996|311206536702|Minas Gerais|MG|JUIZ DE FORA|Particular|Urbana|Ativo|8133|Auxiliar de Enfermagem|40|38||
21573037|1996|310703418304|Minas Gerais|MG|CONSELHEIRO LAFAIETE|Estadual|Urbana|Ativo|8133|Auxiliar de Enfermagem|40|34||
20920326|1996|230301604400|Ceara|CE|FORTALEZA|Particular|Urbana|Ativo|8133|Auxiliar de Enfermagem|196|83||
21217101|1996|310502062104|Minas Gerais|MG|SAO GOTARDO|Estadual|Urbana|Ativo|8133|Auxiliar de Enfermagem|25||25|25
21213518|1996|310502048004|Minas Gerais|MG|PATOS DE MINAS|Estadual|Urbana|Ativo|8133|Auxiliar de Enfermagem|80||80|80
20031657|1996|110100200080|Rondonia|RO|COSTA MARQUES|Estadual|Urbana|Ativo|8133|Auxiliar de Enfermagem|22|||
21734755|1996|290602833307|Bahia|BA|VITORIA DA CONQUISTA|Particular|Urbana|Ativo|8133|Auxiliar de Enfermagem|445|186||
20469836|1996|110200700304|Rondonia|RO|VILHENA|Estadual|Urbana|Ativo|8133|Auxiliar de Enfermagem|35|6|22|14
20043742|1996|110200300023|Rondonia|RO|ARIQUEMES|Estadual|Urbana|Ativo|8133|Auxiliar de Enfermagem|||37|4
20478325|1996|270301104302|Alagoas|AL|MACEIO|Particular|Urbana|Ativo|8133|Auxiliar de Enfermagem|104|82||
20376654|1996|270300903809|Alagoas|AL|JOAQUIM GOMES|Municipal|Urbana|Ativo|8133|Auxiliar de Enfermagem|33|11||
20268394|1996|270100404401|Alagoas|AL|MAJOR ISIDORO|Estadual|Urbana|Ativo|8133|Auxiliar de Enfermagem|24|9||
21313353|1996|260501711606|Pernambuco|PE|RECIFE|Particular|Urbana|Ativo|8133|Auxiliar de Enfermagem|642|485|418|176
20461395|1996|110200700189|Rondonia|RO|PIMENTA BUENO|Estadual|Urbana|Ativo|8133|Auxiliar de Enfermagem|||53|8
20507693|1996|220200402208|Piaui|PI|CAMPO MAIOR|Estadual|Urbana|Ativo|8133|Auxiliar de Enfermagem|||25|10
21300229|1996|260501711606|Pernambuco|PE|RECIFE|Estadual|Urbana|Ativo|8133|Auxiliar de Enfermagem|50|45||
20213191|1996|110200400122|Rondonia|RO|JI-PARANA|Estadual|Urbana|Ativo|8133|Auxiliar de Enfermagem|||155|28
21074940|1996|260401416407|Pernambuco|PE|VITORIA DE SANTO ANTAO|Particular|Urbana|Ativo|8133|Auxiliar de Enfermagem|143|118||
20326343|1996|110200600296|Rondonia|RO|SANTA LUZIA D'OESTE|Estadual|Urbana|Ativo|8133|Auxiliar de Enfermagem|||22|1
20195553|1996|110200400114|Rondonia|RO|JARU|Estadual|Urbana|Ativo|8133|Auxiliar de Enfermagem|||28|8
20326331|1996|110200600288|Rondonia|RO|ROLIM DE MOURA|Estadual|Urbana|Ativo|8133|Auxiliar de Enfermagem|44|6|23|
21416651|1996|150401100107|Para|PA|ABAETETUBA|Estadual|Urbana|Ativo|8133|Auxiliar de Enfermagem|64|4|0|
20326317|1996|110200600015|Rondonia|RO|ALTA FLORESTA D'OESTE|Estadual|Urbana|Ativo|8133|Auxiliar de Enfermagem|||11|6
21305829|1996|150602004208|Para|PA|MARABA|Estadual|Urbana|Ativo|8133|Auxiliar de Enfermagem|98|48||
21560934|1996|230301604400|Ceara|CE|FORTALEZA|Estadual|Urbana|Ativo|8133|Auxiliar de Enfermagem|330|300||
20031650|1996|110100100338|Rondonia|RO|NOVA MAMORE|Estadual|Urbana|Ativo|8133|Auxiliar de Enfermagem|||9|4
20326313|1996|110200500346|Rondonia|RO|ALVORADA D'OESTE|Estadual|Urbana|Ativo|8133|Auxiliar de Enfermagem|||32|
20031665|1996|110200300130|Rondonia|RO|MACHADINHO D'OESTE|Estadual|Urbana|Ativo|8133|Auxiliar de Enfermagem|15|||
21547039|1996|230301604400|Ceara|CE|FORTALEZA|Particular|Urbana|Ativo|8133|Auxiliar de Enfermagem|427|224|236|
20323032|1996|110200500148|Rondonia|RO|NOVA BRASILANDIA D'OESTE|Estadual|Urbana|Ativo|8133|Auxiliar de Enfermagem|17|15||
21707540|1996|310703006200|Minas Gerais|MG|BELO HORIZONTE|Estadual|Urbana|Ativo|8133|Auxiliar de Enfermagem|77|38|39|39
20469893|1996|110100100205|Rondonia|RO|PORTO VELHO|Estadual|Urbana|Ativo|8133|Auxiliar de Enfermagem|48|13||
21719328|1996|311105862500|Minas Gerais|MG|SAO JOAO DEL REI|Particular|Urbana|Ativo|8133|Auxiliar de Enfermagem|23|23||
21683285|1996|311206536702|Minas Gerais|MG|JUIZ DE FORA|Particular|Urbana|Ativo|8133|Auxiliar de Enfermagem|59|52|7|
21669816|1996|311206615300|Minas Gerais|MG|CATAGUASES|Municipal|Urbana|Ativo|8133|Auxiliar de Enfermagem|83|21||
21213518|1996|310502048004|Minas Gerais|MG|PATOS DE MINAS|Estadual|Urbana|Ativo|8168|Auxiliar de Escritorio|40||40|40
20051907|1996|530100100108|Distrito Federal|DF|BRASILIA|Particular|Urbana|Ativo|8168|Auxiliar de Escritorio|458|49|436|61
20068349|1996|530100100108|Distrito Federal|DF|BRASILIA|Particular|Urbana|Ativo|8168|Auxiliar de Escritorio|159|135||
20072164|1996|530100100108|Distrito Federal|DF|BRASILIA|Particular|Urbana|Ativo|8168|Auxiliar de Escritorio|400|97|362|102
20072330|1996|530100100108|Distrito Federal|DF|BRASILIA|Particular|Urbana|Ativo|8168|Auxiliar de Escritorio|168|29|148|60
20072676|1996|530100100108|Distrito Federal|DF|BRASILIA|Particular|Urbana|Ativo|8168|Auxiliar de Escritorio|53|21||
21282912|1996|420601818707|Santa Catarina|SC|TUBARAO|Particular|Urbana|Ativo|8168|Auxiliar de Escritorio|90|38|101|46
20464569|1996|420300904806|Santa Catarina|SC|CURITIBANOS|Particular|Urbana|Ativo|8168|Auxiliar de Escritorio|126|40|98|35
20031774|1996|500100201102|Mato Grosso do Sul|MS|AQUIDAUANA|Particular|Urbana|Ativo|8168|Auxiliar de Escritorio|15|13||
21720085|1996|351506150308|S?o Paulo|SP|SAO PAULO|Particular|Urbana|Ativo|8222|Auxiliar de Fisioterapia|||30|19
20469836|1996|110200700304|Rondonia|RO|VILHENA|Estadual|Urbana|Ativo|8460|Auxiliar de Patologia Clinica|2||3|
20326317|1996|110200600015|Rondonia|RO|ALTA FLORESTA D'OESTE|Estadual|Urbana|Ativo|8460|Auxiliar de Patologia Clinica|||2|1
20326313|1996|110200500346|Rondonia|RO|ALVORADA D'OESTE|Estadual|Urbana|Ativo|8460|Auxiliar de Patologia Clinica|||3|
20031650|1996|110100100338|Rondonia|RO|NOVA MAMORE|Estadual|Urbana|Ativo|8460|Auxiliar de Patologia Clinica|||4|4
20469893|1996|110100100205|Rondonia|RO|PORTO VELHO|Estadual|Urbana|Ativo|8460|Auxiliar de Patologia Clinica|14|||
20469836|1996|110200700304|Rondonia|RO|VILHENA|Estadual|Urbana|Ativo|9270|Secretario de Escola|3|1|2|2
20593834|1996|330601505802|Rio de Janeiro|RJ|TERESOPOLIS|Estadual|Urbana|Ativo|9270|Secretario de Escola|27||26|
20045301|1996|530100100108|Distrito Federal|DF|BRASILIA|Particular|Urbana|Ativo|9270|Secretario de Escola|42||8|3
